Nome,Telefone,Tags,E-mail,Código
Zazá Azaz,558592015274,beberibe; pexera,,
Gessica Acisseg,5544998065811,,,
Diego Ogeid,558597979033,beberibe; pexera,,
 ,5587541113,,,
Zé Ez,558597979033,,...,...
Falavio Oivlaf,,hr; hr qualificado; hr,marcoscosta33m@gmail.com,...
Racha Ahcar,558591954842,,,
Lennon Papai Nonnel,558597631978,,,
Plek,558592367897,,,
Kelvin 16hs,5585989627795,kelv; plek,kelvintestetallos@gmail.com,
Kelvin 16hs,5585989627795,kelv; plek,kelvintestetallos@gmail.com,
Kelvin 16hs,5585989627795,kelv; plek,kelvintestetallos@gmail.com,
Kelvin 16hs,5585989627795,kelv; plek,kelvintestetallos@gmail.com,
Kelvin 16hs,5585989627795,kelv; plek,kelvintestetallos@gmail.com,
Kelvin 16hs,5585989627795,kelv; plek,kelvintestetallos@gmail.com,
Kelvin 16hs,5585989627795,kelv; plek,kelvintestetallos@gmail.com,
Kelvin 16hs,5585989627795,kelv; plek,kelvintestetallos@gmail.com,
Kelvin 16hs,5585989627795,kelv; plek,kelvintestetallos@gmail.com,
Kelvin 16hs,5585989627795,kelv; plek,kelvintestetallos@gmail.com,
Kelvin 16hs,5585989627795,kelv; plek,kelvintestetallos@gmail.com,
Kelvin 16hs,5585989627795,kelv; plek,kelvintestetallos@gmail.com,
Kelvin 16hs,5585989627795,kelv; plek,kelvintestetallos@gmail.com,
Kelvin 16hs,5585989627795,kelv; plek,kelvintestetallos@gmail.com,
Kelvin 16hs,5585989627795,kelv; plek,kelvintestetallos@gmail.com,
Kelvin 16hs,5585989627795,kelv; plek,kelvintestetallos@gmail.com,
Kelvin 16hs,5585989627795,kelv; plek,kelvintestetallos@gmail.com,
Kelvin 16hs,5585989627795,kelv; plek,kelvintestetallos@gmail.com,
Kelvin 16hs,5585989627795,kelv; plek,kelvintestetallos@gmail.com,
Kelvin 16hs,5585989627795,kelv; plek,kelvintestetallos@gmail.com,
Kelvin 16hs,5585989627795,kelv; plek,kelvintestetallos@gmail.com,
Kelvin 16hs,5585989627795,kelv; plek,kelvintestetallos@gmail.com,
Kelvin 16hs,5585989627795,kelv; plek,kelvintestetallos@gmail.com,
Kelvin 16hs,5585989627795,kelv; plek,kelvintestetallos@gmail.com,
Kelvin 16hs,5585989627795,kelv; plek,kelvintestetallos@gmail.com,
Kelvin 16hs,5585989627795,kelv; plek,kelvintestetallos@gmail.com,
Kelvin 16hs,5585989627795,kelv; plek,kelvintestetallos@gmail.com,
Kelvin 16hs,5585989627795,kelv; plek,kelvintestetallos@gmail.com,
Kelvin 16hs,5585989627795,kelv; plek,kelvintestetallos@gmail.com,
Kelvin 16hs,5585989627795,kelv; plek,kelvintestetallos@gmail.com,
